<?xml version="1.0" encoding="UTF-8"?>
<project-private xmlns="http://www.netbeans.org/ns/project-private/1">
    <editor-bookmarks xmlns="http://www.netbeans.org/ns/editor-bookmarks/2" lastBookmarkId="0"/>
    <open-files xmlns="http://www.netbeans.org/ns/projectui-open-files/2">
        <group>
            <file>file:/C:/Users/Shiri/Documents/Informatica/TI/Tercero/SMM/Practicas/Practica7/practica7_paint2d/src/practica7_paint2d/VentanaPrincipal.java</file>
            <file>file:/C:/Users/Shiri/Documents/Informatica/TI/Tercero/SMM/Practicas/Practica7/practica7_paint2d/src/practica7_paint2d/Practica7_paint2d.java</file>
        </group>
    </open-files>
</project-private>
